file,folder,year
img_005.jpg,198X_enfance_laure,198X
0009.jpg,20010623_WEfred,2001
0014.jpg,20010623_WEfred,2001
0020.jpg,20010623_WEfred,2001
0022.jpg,20010623_WEfred,2001
0024.jpg,20010623_WEfred,2001
0084.jpg,20010623_WEfred,2001
0099.jpg,20010623_WEfred,2001
0155.jpg,20010701_fiancaillesPA,2001
0156.jpg,20010701_fiancaillesPA,2001
0177.jpg,20010720_25ans,2001
0182.jpg,20010720_25ans,2001
img021.jpg,20010800_1etecorreze,2001
img004.jpg,20011215_Londres,2001
img016.jpg,20011215_Londres,2001
roll2_img013.jpg,20011224_noel_bibi,2001
img005.jpg,20011225_noel_bourdat,2001
img014.jpg,20011225_noel_bourdat,2001
img009.jpg,20020101_nvelan_lacolle,2002
img020.jpg,20020101_nvelan_lacolle,2002
2img003.jpg,20020400_wematthieu,2002
2img018.jpg,20020400_wematthieu,2002
1_05_0615.jpg,20020712_Bali,2002
1_12_0622.jpg,20020712_Bali,2002
2_24_0609.jpg,20020712_Bali,2002
3_10a_0440.jpg,20020712_Bali,2002
3_23a_0453.jpg,20020712_Bali,2002
3_27a_0457.jpg,20020712_Bali,2002
4_05_0495.jpg,20020712_Bali,2002
4_08_0498.jpg,20020712_Bali,2002
5_23_0573.jpg,20020712_Bali,2002
5_26_0576.jpg,20020712_Bali,2002
5_34_0584.jpg,20020712_Bali,2002
6_02_0527.jpg,20020712_Bali,2002
6_07_0532.jpg,20020712_Bali,2002
6_16_0541.jpg,20020712_Bali,2002
6_21_0546.jpg,20020712_Bali,2002
6_24_0549.jpg,20020712_Bali,2002
7_02_0467.jpg,20020712_Bali,2002
7_04_0469.jpg,20020712_Bali,2002
7_17_0482.jpg,20020712_Bali,2002
8_15a_0648.jpg,20020712_Bali,2002
8_18a_0651.jpg,20020712_Bali,2002
8_19a_0652.jpg,20020712_Bali,2002
9_0a_0422.jpg,20020712_Bali,2002
9_2a_0424.jpg,20020712_Bali,2002
9_5a_0427.jpg,20020712_Bali,2002
052.jpg,20020824_mariagechats,2002
136.jpg,20020824_mariagechats,2002
147.jpg,20020824_mariagechats,2002
161.jpg,20020824_mariagechats,2002
183.jpg,20020824_mariagechats,2002
204.jpg,20020824_mariagechats,2002
1img009.jpg,20021000_Japon,2002
1img013.jpg,20021000_Japon,2002
1img015.jpg,20021000_Japon,2002
1img017.jpg,20021000_Japon,2002
1img019.jpg,20021000_Japon,2002
1img021.jpg,20021000_Japon,2002
2img007.jpg,20021000_Japon,2002
2img009.jpg,20021000_Japon,2002
2img013.jpg,20021000_Japon,2002
2img014.jpg,20021000_Japon,2002
2img022.jpg,20021000_Japon,2002
3img001.jpg,20021000_Japon,2002
3img003.jpg,20021000_Japon,2002
3img007.jpg,20021000_Japon,2002
5img015.jpg,20021000_Japon,2002
5img018.jpg,20021000_Japon,2002
5img019.jpg,20021000_Japon,2002
5img021.jpg,20021000_Japon,2002
6img004.jpg,20021000_Japon,2002
img008.jpg,20030118_teuf_messageries,2003
9_11a_0279.jpg,20030329_mariage_civil_benlali,2003
2img005.jpg,20030406_mariage_benlali,2003
1img011.jpg,20030607_mariage_nat_seb,2003
1img018.jpg,20030607_mariage_nat_seb,2003
3img015.jpg,20030607_mariage_nat_seb,2003
3img019.jpg,20030607_mariage_nat_seb,2003
3img023.jpg,20030607_mariage_nat_seb,2003
4img003.jpg,20030607_mariage_nat_seb,2003
5_14_0058.jpg,20030607_mariage_nat_seb,2003
5_23_0049.jpg,20030607_mariage_nat_seb,2003
5_25_0047.jpg,20030607_mariage_nat_seb,2003
1_21_0076.jpg,20030719_mariage_carole_greg,2003
img_0093.jpg,20040100_grossesse,2004
img_0124.jpg,20040100_grossesse,2004
img_0155.jpg,20040100_pendaison_parents,2004
img_0160.jpg,20040100_pendaison_parents,2004
img_0162.jpg,20040100_pendaison_parents,2004
img_0166.jpg,20040100_pendaison_parents,2004
img_0251.jpg,20040500_grossesse,2004
img_0750.jpg,20040606_quentin_naissance,2004
img_0751.jpg,20040606_quentin_naissance,2004
img_0767.jpg,20040606_quentin_naissance,2004
img_0787.jpg,20040606_quentin_naissance,2004
img_0792.jpg,20040606_quentin_naissance,2004
img_0833.jpg,20040606_quentin_naissance,2004
img_0855.jpg,20040610_quentin,2004
img_0885.jpg,20040610_quentin,2004
img_0894.jpg,20040610_quentin,2004
img_0915.jpg,20040610_quentin,2004
img_0926.jpg,20040610_quentin,2004
img_0939.jpg,20040610_quentin,2004
img_0951.jpg,20040610_quentin,2004
img_0970.jpg,20040610_quentin,2004
img_1129.jpg,20040610_quentin,2004
img_1134.jpg,20040610_quentin,2004
img_0999.jpg,20040619_mariage_max_sophie,2004
img_1004.jpg,20040619_mariage_max_sophie,2004
img_1137.jpg,20040700_ete_nice,2004
img_1147.jpg,20040700_ete_nice,2004
img_1174.jpg,20040700_ete_nice,2004
img_1239.jpg,20040700_ete_nice,2004
img_1248.jpg,20040700_ete_nice,2004
img_1417.jpg,20040700_ete_nice,2004
img_1476.jpg,20040700_ete_nice,2004
img_1509.jpg,20040700_ete_nice,2004
img_1526.jpg,20040700_ete_nice,2004
img_1547.jpg,20040700_ete_nice,2004
img_1551.jpg,20040700_ete_nice,2004
img_1560.jpg,20040700_ete_nice,2004
img_1561.jpg,20040700_ete_nice,2004
img_1568.jpg,20040700_ete_nice,2004
img_1197.jpg,20040729_restaud,2004
img_1204.jpg,20040729_restaud,2004
img_1330.jpg,20040800_correze,2004
img_1333.jpg,20040800_correze,2004
img_1362.jpg,20040800_correze,2004
img_1365.jpg,20040800_correze,2004
img_1380.jpg,20040800_correze,2004
img_1383.jpg,20040800_correze,2004
img_1385.jpg,20040800_correze,2004
img_1387.jpg,20040800_correze,2004
Photo 011.jpg,20040808_ardeche,2004
Photo 026.jpg,20040808_ardeche,2004
img_1297.jpg,20040808_ardeche,2004
img_1308.jpg,20040808_ardeche,2004
img_1315.jpg,20040808_ardeche,2004
img_1581.jpg,20040831_bourdat_quentin,2004
img_1587.jpg,20040831_bourdat_quentin,2004
IMG_1612b.JPG,20040900_quentin,2004
img_1595.jpg,20040900_quentin,2004
img_1639.jpg,20040911_normandie_dugelay,2004
IMG_1688b.JPG,20041000_quentin,2004
IMG_1778b.JPG,20041000_quentin,2004
IMG_1948b.JPG,20041000_quentin,2004
IMG_1993b.JPG,20041000_quentin,2004
img_1768.jpg,20041000_quentin,2004
img_1920.jpg,20041000_quentin,2004
img_1935.jpg,20041000_quentin,2004
img_1944.jpg,20041000_quentin,2004
img_1958.jpg,20041000_quentin,2004
img_1740.jpg,20041009_anniversaire_petit_paul,2004
img_1745.jpg,20041009_anniversaire_petit_paul,2004
img_1748.jpg,20041009_anniversaire_petit_paul,2004
IMG_1793b.JPG,20041017_bapteme_quentin,2004
IMG_1795b-.JPG,20041017_bapteme_quentin,2004
IMG_1839.JPG,20041017_bapteme_quentin,2004
img_1841.jpg,20041017_bapteme_quentin,2004
img_1861.jpg,20041017_bapteme_quentin,2004
img_2001.jpg,20041100_quentin,2004
img_2005.jpg,20041100_quentin,2004
img_2014.jpg,20041100_quentin,2004
img_2015.jpg,20041100_quentin,2004
img_2024.jpg,20041100_quentin,2004
img_2058.jpg,20041100_quentin,2004
img_2040.jpg,20041121_bapteme_enzo,2004
img_2050.jpg,20041121_bapteme_enzo,2004
img_2054.jpg,20041121_bapteme_enzo,2004
img_2074.jpg,20041200_quentin,2004
img_2075.jpg,20041200_quentin,2004
img_2105.jpg,20041200_quentin,2004
img_2130.jpg,20041200_quentin,2004
img_2196.jpg,20041200_quentin,2004
img_2218.jpg,20041200_quentin,2004
img_2228.jpg,20041200_quentin,2004
img_2229.jpg,20041200_quentin,2004
img_2150.jpg,20041224_noel,2004
img_2159.jpg,20041224_noel,2004
img_2164.jpg,20041224_noel,2004
img_2169.jpg,20041224_noel,2004
img_2193.jpg,20041224_noel,2004
img_2231.jpg,20050100_quentin,2005
img_2237.jpg,20050100_quentin,2005
img_2253.jpg,20050100_quentin,2005
img_2283.jpg,20050100_quentin,2005
img_2284.jpg,20050100_quentin,2005
img_2286.jpg,20050100_quentin,2005
img_2295.jpg,20050100_quentin,2005
img_2299.jpg,20050100_quentin,2005
img_2326.jpg,20050100_quentin,2005
img_2329.jpg,20050100_quentin,2005
img_2318.jpg,20050122_anniv_lalie,2005
img_2330.jpg,20050200_quentin,2005
img_2334.jpg,20050200_quentin,2005
img_2337.jpg,20050200_quentin,2005
img_2340.jpg,20050200_quentin,2005
img_2372.jpg,20050200_quentin,2005
img_2396.jpg,20050200_quentin,2005
img_2399.jpg,20050200_quentin,2005
img_2409.jpg,20050200_quentin,2005
IMG_2488b.JPG,20050300_quentin,2005
img_2411.jpg,20050300_quentin,2005
img_2483.jpg,20050300_quentin,2005
img_2511.jpg,20050300_quentin,2005
img_2523.jpg,20050300_quentin,2005
img_2413.jpg,20050306_vacances_ski,2005
img_2417.jpg,20050306_vacances_ski,2005
img_2435.jpg,20050306_vacances_ski,2005
img_2439.jpg,20050306_vacances_ski,2005
img_2443.jpg,20050306_vacances_ski,2005
img_2445.jpg,20050306_vacances_ski,2005
img_2448.jpg,20050306_vacances_ski,2005
img_2454.jpg,20050306_vacances_ski,2005
img_2457.jpg,20050306_vacances_ski,2005
img_2472.jpg,20050306_vacances_ski,2005
img_2475.jpg,20050306_vacances_ski,2005
img_2528.jpg,20050328_gouter_chez_les_chats,2005
img_2529.jpg,20050328_gouter_chez_les_chats,2005
img_2531.jpg,20050328_gouter_chez_les_chats,2005
img_2534.jpg,20050328_gouter_chez_les_chats,2005
img_2540.jpg,20050400_quentin,2005
img_2544.jpg,20050400_quentin,2005
img_2551.jpg,20050400_quentin,2005
img_2571.jpg,20050423_anniv_laure,2005
img_2589.jpg,20050500_quentin,2005
img_2592.jpg,20050500_quentin,2005
img_2593.jpg,20050500_quentin,2005
img_2598.jpg,20050500_quentin,2005
img_2601.jpg,20050500_quentin,2005
img_2603.jpg,20050500_quentin,2005
img_2613.jpg,20050500_quentin,2005
img_2619.jpg,20050500_quentin,2005
img_2620.jpg,20050500_quentin,2005
img_2626.jpg,20050500_quentin,2005
img_2630.jpg,20050500_quentin,2005
img_2637.jpg,20050500_quentin,2005
img_2763.jpg,20050500_quentin,2005
img_2654.jpg,20050528_mariage_olivier,2005
img_2665.jpg,20050528_mariage_olivier,2005
img_2671.jpg,20050528_mariage_olivier,2005
img_2684.jpg,20050528_mariage_olivier,2005
img_2686.jpg,20050528_mariage_olivier,2005
img_2697.jpg,20050528_mariage_olivier,2005
img_2700.jpg,20050528_mariage_olivier,2005
img_2712.jpg,20050528_mariage_olivier,2005
img_2717.jpg,20050528_mariage_olivier,2005
img_2729.jpg,20050528_mariage_olivier,2005
img_2732.jpg,20050528_mariage_olivier,2005
img_2735.jpg,20050528_mariage_olivier,2005
img_2737.jpg,20050528_mariage_olivier,2005
img_2738.jpg,20050528_mariage_olivier,2005
img_2745.jpg,20050528_mariage_olivier,2005
img_2749.jpg,20050528_mariage_olivier,2005
img_2756.jpg,20050528_mariage_olivier,2005
img_2757.jpg,20050528_mariage_olivier,2005
img_2761.jpg,20050528_mariage_olivier,2005
img_2797.jpg,20050600_quentin,2005
img_2820.jpg,20050600_quentin,2005
img_2824.jpg,20050600_quentin,2005
img_2835.jpg,20050600_quentin,2005
img_2921.jpg,20050600_quentin,2005
img_2792.jpg,20050601_vacances_francoise,2005
img_2800.jpg,20050611_anniversaire_quentin_francois,2005
img_2804.jpg,20050611_anniversaire_quentin_francois,2005
img_2809.jpg,20050611_anniversaire_quentin_francois,2005
img_2814.jpg,20050611_anniversaire_quentin_francois,2005
img_2907.jpg,20050625_anniversaire_Paul,2005
img_2909.jpg,20050625_anniversaire_Paul,2005
img_2884.jpg,20050625_mariage_marie-annabelle,2005
img_2896.jpg,20050625_mariage_marie-annabelle,2005
img_2905.jpg,20050625_mariage_marie-annabelle,2005
img_2923.jpg,20050700_quentin,2005
img_2928.jpg,20050700_quentin,2005
img_2930.jpg,20050700_quentin,2005
img_2934.jpg,20050700_quentin,2005
img_2998.jpg,20050700_quentin,2005
img_3010.jpg,20050700_quentin,2005
img_3013.jpg,20050700_quentin,2005
img_2949.jpg,20050702_fiesta_gorda,2005
img_2974.jpg,20050702_fiesta_gorda,2005
img_3020.jpg,20050714_vacances_ile_grande,2005
img_3026.jpg,20050714_vacances_ile_grande,2005
img_3027.jpg,20050714_vacances_ile_grande,2005
img_3028.jpg,20050714_vacances_ile_grande,2005
img_3031.jpg,20050714_vacances_ile_grande,2005
img_3042.jpg,20050714_vacances_ile_grande,2005
img_3054.jpg,20050714_vacances_ile_grande,2005
img_3077.jpg,20050724_vacances_nice,2005
img_3088.jpg,20050724_vacances_nice,2005
img_3095.jpg,20050724_vacances_nice,2005
img_3101.jpg,20050724_vacances_nice,2005
img_3104.jpg,20050724_vacances_nice,2005
img_3221.jpg,20050724_vacances_nice,2005
img_3224.jpg,20050724_vacances_nice,2005
img_3229.jpg,20050724_vacances_nice,2005
img_3233.jpg,20050724_vacances_nice,2005
img_3268.jpg,20050724_vacances_nice,2005
img_3273.jpg,20050724_vacances_nice,2005
img_3276.jpg,20050724_vacances_nice,2005
img_3113.jpg,20050731_vacances_anglet,2005
img_3120.jpg,20050731_vacances_anglet,2005
img_3126.jpg,20050731_vacances_anglet,2005
img_3129.jpg,20050731_vacances_anglet,2005
img_3135.jpg,20050731_vacances_anglet,2005
img_3138.jpg,20050731_vacances_anglet,2005
img_3195.jpg,20050731_vacances_anglet,2005
img_3282.jpg,20050800_quentin,2005
img_3147.jpg,20050804_fetes_bayonne,2005
img_3158.jpg,20050804_fetes_bayonne,2005
img_3160.jpg,20050804_fetes_bayonne,2005
img_3161.jpg,20050804_fetes_bayonne,2005
img_3175.jpg,20050804_fetes_bayonne,2005
img_3182.jpg,20050804_fetes_bayonne,2005
img_3186.jpg,20050804_fetes_bayonne,2005
img_3192.jpg,20050804_fetes_bayonne,2005
img_3193.jpg,20050804_fetes_bayonne,2005
img_3243.jpg,20050812_vacances_barbaresco,2005
img_3244.jpg,20050812_vacances_barbaresco,2005
img_3256.jpg,20050812_vacances_barbaresco,2005
img_3266.jpg,20050812_vacances_barbaresco,2005
img_3306.jpg,20050825_mariage_civil_mike_elodie,2005
img_3420.jpg,20050825_mariage_civil_mike_elodie,2005
img_3423.jpg,20050825_mariage_civil_mike_elodie,2005
img_3452.jpg,20050828_mariage_mike_elodie,2005
img_3453.jpg,20050828_mariage_mike_elodie,2005
img_3465.jpg,20050828_mariage_mike_elodie,2005
img_3470.jpg,20050828_mariage_mike_elodie,2005
img_3475.jpg,20050828_mariage_mike_elodie,2005
img_3493.jpg,20050900_quentin,2005
img_3499.jpg,20050900_quentin,2005
img_3515.jpg,20050930_naissance_joris,2005
img_3520.jpg,20051000_quentin,2005
img_3526.jpg,20051000_quentin,2005
img_3535.jpg,20051000_quentin,2005
img_3575.jpg,20051000_quentin,2005
img_3582.jpg,20051000_quentin,2005
img_3590.jpg,20051000_quentin,2005
img_3545.jpg,20051009_anniversaire_petit_paul,2005
img_3568.jpg,20051021_daWine_Fred,2005
IMG_3606.JPG,20051100_quentin,2005
img_3597.jpg,20051100_quentin,2005
img_3652.jpg,20051100_quentin,2005
IMG_3681.JPG,20051220_sapin,2005
img_3675.jpg,20051220_sapin,2005
IMG_3694.JPG,20051225_noel,2005
IMG_3716.JPG,20051225_noel,2005
img_3857.jpg,20060100_quentin,2006
img_3868.jpg,20060100_quentin,2006
img_3746.jpg,20060107_mariage_thomins,2006
img_3793.jpg,20060107_mariage_thomins,2006
img_3823.jpg,20060107_mariage_thomins,2006
img_3833.jpg,20060115_diner_duge,2006
img_3837.jpg,20060115_diner_duge,2006
img_3840.jpg,20060115_diner_duge,2006
img_3845.jpg,20060115_diner_duge,2006
img_3854.jpg,20060115_mamouchka,2006
img_3873.jpg,20060200_quentin,2006
img_3884.jpg,20060200_quentin,2006
img_3895.jpg,20060200_quentin,2006
img_3899.jpg,20060200_quentin,2006
img_3913.jpg,20060200_quentin,2006
IMG_3964.JPG,20060219_anniversaire_christian,2006
img_3950.jpg,20060219_anniversaire_christian,2006
img_3956.jpg,20060219_anniversaire_christian,2006
IMG_3998.JPG,20060225_WE_chez_bibi,2006
img_3976.jpg,20060225_WE_chez_bibi,2006
img_3978.jpg,20060225_WE_chez_bibi,2006
img_3981.jpg,20060225_WE_chez_bibi,2006
img_3985.jpg,20060225_WE_chez_bibi,2006
img_3993.jpg,20060225_WE_chez_bibi,2006
dsc_5219.jpg,20060228_LCPR_Mardi_gras,2006
dsc_5446.jpg,20060228_LCPR_Mardi_gras,2006
divers_quentin 009.jpg,20060304_munich_sous_la_neige,2006
img_4012.jpg,20060304_munich_sous_la_neige,2006
img_4016.jpg,20060304_munich_sous_la_neige,2006
img_4018.jpg,20060304_munich_sous_la_neige,2006
munich2006 006.jpg,20060304_munich_sous_la_neige,2006
img_4038.jpg,20060326_Gautheyrou,2006
img_4042.jpg,20060326_Gautheyrou,2006
img_4046.jpg,20060326_Gautheyrou,2006
img_4049.jpg,20060326_Gautheyrou,2006
img_4051.jpg,20060326_Gautheyrou,2006
dsc_8981.jpg,20060413_LCPR_Paques,2006
dsc_8997.jpg,20060413_LCPR_Paques,2006
IMG_4062.JPG,20060423_anniversaire_laure,2006
img_4055.jpg,20060423_anniversaire_laure,2006
img_4058.jpg,20060423_anniversaire_laure,2006
img_4067.jpg,20060423_anniversaire_laure,2006
img_4089.jpg,20060429_WE_hossegor,2006
img_4116.jpg,20060429_WE_hossegor,2006
img_4128.jpg,20060429_WE_hossegor,2006
img_4143.jpg,20060429_WE_hossegor,2006
img_4146.jpg,20060429_WE_hossegor,2006
img_4178.jpg,20060500_Berkeley_SF,2006
img_4184.jpg,20060500_Berkeley_SF,2006
img_4186.jpg,20060500_Berkeley_SF,2006
img_4193.jpg,20060500_Berkeley_SF,2006
img_4195.jpg,20060500_Berkeley_SF,2006
img_4212.jpg,20060500_Berkeley_SF,2006
img_4231.jpg,20060500_Berkeley_SF,2006
img_4241.jpg,20060500_Berkeley_SF,2006
img_4252.jpg,20060500_Berkeley_SF,2006
img_4254.jpg,20060500_Berkeley_SF,2006
img_4258.jpg,20060500_Berkeley_SF,2006
img_4260.jpg,20060500_Berkeley_SF,2006
img_4267.jpg,20060500_Berkeley_SF,2006
img_4271.jpg,20060500_Berkeley_SF,2006
img_4285.jpg,20060500_Singapour,2006
img_4286.jpg,20060500_Singapour,2006
img_4287.jpg,20060500_Singapour,2006
img_4290.jpg,20060500_Singapour,2006
img_4296.jpg,20060500_quentin,2006
img_4305.jpg,20060500_quentin,2006
img_4321.jpg,20060500_quentin,2006
img_4328.jpg,20060500_quentin,2006
img_4408.jpg,20060600_DaFiestaGorda,2006
img_4418.jpg,20060600_DaFiestaGorda,2006
img_4330.jpg,20060600_quentin,2006
img_4333.jpg,20060600_quentin,2006
img_4336.jpg,20060606_anniversaire_quentin,2006
img_4345.jpg,20060606_anniversaire_quentin,2006
img_4368.jpg,20060606_anniversaire_quentin,2006
img_4384.jpg,20060606_anniversaire_quentin,2006
img_4386.jpg,20060606_anniversaire_quentin,2006
Bourdat2 120.jpg,20060610_anniversaire_quentin_francois,2006
img_4499.jpg,20060617_lacolle,2006
img_4516.jpg,20060617_lacolle,2006
img_4517.jpg,20060617_lacolle,2006
img_4518.jpg,20060617_lacolle,2006
img_4554.jpg,20060700_quentin,2006
img_4561.jpg,20060700_quentin,2006
img_4569.jpg,20060700_quentin,2006
img_4572.jpg,20060700_quentin,2006
img_4584.jpg,20060700_quentin,2006
img_4588.jpg,20060700_quentin,2006
img_4595.jpg,20060700_quentin,2006
img_4639.jpg,20060700_quentin,2006
img_4599.jpg,20060714_WE_Ventabren,2006
img_4602.jpg,20060714_WE_Ventabren,2006
img_4607.jpg,20060714_WE_Ventabren,2006
img_4624.jpg,20060714_WE_Ventabren,2006
img_4626.jpg,20060714_WE_Ventabren,2006
img_4637.jpg,20060714_WE_Ventabren,2006
img_4643.jpg,20060729_WE_agen,2006
img_4659.jpg,20060729_WE_agen,2006
img_4661.jpg,20060729_WE_agen,2006
img_4663.jpg,20060729_WE_agen,2006
IMG_4680.jpg,20060804_Clubmed_riabintan,2006
IMG_4686.jpg,20060804_Clubmed_riabintan,2006
IMG_4690.jpg,20060804_Clubmed_riabintan,2006
IMG_4693.jpg,20060804_Clubmed_riabintan,2006
IMG_4701.jpg,20060804_Clubmed_riabintan,2006
IMG_4705.jpg,20060804_Clubmed_riabintan,2006
IMG_4710.jpg,20060804_Clubmed_riabintan,2006
img_4811.jpg,20060900_quentin,2006
IMG_4731.jpg,20060909_beach_party_km8,2006
wakeboarding_16Sep2006 004.jpg,20060916_Wakeboard,2006
img_4792.jpg,20060919_Johanna_birthday,2006
img_4800.jpg,20060924_partners_bbq_dover,2006
img_4802.jpg,20060924_partners_bbq_dover,2006
img_4810.jpg,20060927_veit_in_Singapore,2006
img_5019.jpg,20061000_quentin,2006
img_4838.jpg,20061006_Fred_Singapour,2006
img_4842.jpg,20061006_Fred_Singapour,2006
dsc05668.jpg,20061013_Rugby_bali,2006
img_5000.jpg,20061016_bbq_partners,2006
img_5012.jpg,20061016_bbq_partners,2006
img_0059.jpg,20061027_bbq_anniv_steffi_mike,2006
img_0072.jpg,20061028_bbq_heritage,2006
img_0079.jpg,20061028_bbq_heritage,2006
img_0082.jpg,20061028_bbq_heritage,2006
img_0094.jpg,20061029_visite_singapour_bateau,2006
img_0098.jpg,20061029_visite_singapour_bateau,2006
img_0099.jpg,20061029_visite_singapour_bateau,2006
img_0105.jpg,20061029_visite_singapour_bateau,2006
img_0106.jpg,20061029_visite_singapour_bateau,2006
img_0115.jpg,20061029_visite_singapour_bateau,2006
img_0121.jpg,20061029_visite_singapour_bateau,2006
img_0124.jpg,20061029_visite_singapour_bateau,2006
img_0130.jpg,20061029_visite_singapour_bateau,2006
img_0163.jpg,20061031_anniversaire_armelle_louise,2006
IMG_0441.JPG,20061100_etienne_quentin,2006
IMG_0460.JPG,20061100_etienne_quentin,2006
IMG_0500.JPG,20061100_etienne_quentin,2006
img_0376.jpg,20061100_etienne_quentin,2006
img_0380.jpg,20061100_etienne_quentin,2006
img_0428.jpg,20061100_etienne_quentin,2006
img_0430.jpg,20061100_etienne_quentin,2006
img_0433.jpg,20061100_etienne_quentin,2006
img_0461.jpg,20061100_etienne_quentin,2006
img_0470.jpg,20061100_etienne_quentin,2006
img_0490.jpg,20061100_etienne_quentin,2006
img_0522.jpg,20061100_etienne_quentin,2006
img_0532.jpg,20061100_etienne_quentin,2006
img_0171.jpg,20061103_naissance_etienne,2006
img_0174.jpg,20061103_naissance_etienne,2006
img_0175.jpg,20061103_naissance_etienne,2006
img_0187.jpg,20061103_naissance_etienne,2006
img_0202.jpg,20061103_naissance_etienne,2006
img_0208.jpg,20061103_naissance_etienne,2006
img_0210.jpg,20061103_naissance_etienne,2006
img_0218.jpg,20061103_naissance_etienne,2006
img_0239.jpg,20061103_naissance_etienne,2006
img_0271.jpg,20061104_maternite_etienne,2006
img_0288.jpg,20061104_maternite_etienne,2006
img_0312.jpg,20061104_maternite_etienne,2006
img_0316.jpg,20061104_maternite_etienne,2006
img_0349.jpg,20061104_maternite_etienne,2006
img_0353.jpg,20061104_maternite_etienne,2006
img_0355.jpg,20061104_maternite_etienne,2006
img_0360.jpg,20061104_maternite_etienne,2006
img_0364.jpg,20061104_maternite_etienne,2006
img_0394.jpg,20061108_apero_naissance_etienne,2006
img_0408.jpg,20061108_apero_naissance_etienne,2006
Bourdat2 100.jpg,20061121_bourdat_singapour,2006
Bourdat2 102.jpg,20061121_bourdat_singapour,2006
Bourdat2 152.jpg,20061121_bourdat_singapour,2006
IMG_0589.JPG,20061121_bourdat_singapour,2006
img_1114.jpg,20061121_bourdat_singapour,2006
img_1023.jpg,20061126_bourdat_zoo_singapore,2006
Bourdat2 079.jpg,20061127_bourdat_sentosa,2006
img_1063.jpg,20061127_bourdat_sentosa,2006
IMG_1531.JPG,20061200_etienne_quentin,2006
IMG_1935.JPG,20061200_etienne_quentin,2006
dsc00825.jpg,20061200_etienne_quentin,2006
img_1695.jpg,20061200_etienne_quentin,2006
img_1704.jpg,20061200_etienne_quentin,2006
img_1711.jpg,20061200_etienne_quentin,2006
img_1725.jpg,20061200_etienne_quentin,2006
img_1737.jpg,20061200_etienne_quentin,2006
img_1745.jpg,20061200_etienne_quentin,2006
img_1766.jpg,20061200_etienne_quentin,2006
img_1772.jpg,20061200_etienne_quentin,2006
img_1799.jpg,20061200_etienne_quentin,2006
img_1828.jpg,20061200_etienne_quentin,2006
img_1830.jpg,20061200_etienne_quentin,2006
img_1840.jpg,20061200_etienne_quentin,2006
img_1844.jpg,20061200_etienne_quentin,2006
img_1865.jpg,20061200_etienne_quentin,2006
img_1902.jpg,20061200_etienne_quentin,2006
img_1958.jpg,20061200_etienne_quentin,2006
img_5058.jpg,20061200_etienne_quentin,2006
img_5100.jpg,20061220_End_P2_Party,2006
dsc00008.jpg,20061220_parents_eric_singapour,2006
dsc00016.jpg,20061220_parents_eric_singapour,2006
dsc00024.jpg,20061220_parents_eric_singapour,2006
dsc00035.jpg,20061220_parents_eric_singapour,2006
dsc00043.jpg,20061220_parents_eric_singapour,2006
dsc00047.jpg,20061220_parents_eric_singapour,2006
dsc00074.jpg,20061220_parents_eric_singapour,2006
dsc00078.jpg,20061220_parents_eric_singapour,2006
dsc00081.jpg,20061220_parents_eric_singapour,2006
dsc00087.jpg,20061220_parents_eric_singapour,2006
dsc00092.jpg,20061220_parents_eric_singapour,2006
dsc00096.jpg,20061220_parents_eric_singapour,2006
dsc00104.jpg,20061220_parents_eric_singapour,2006
dsc00105.jpg,20061220_parents_eric_singapour,2006
dsc00106.jpg,20061220_parents_eric_singapour,2006
dsc00115.jpg,20061220_parents_eric_singapour,2006
dsc00166.jpg,20061220_parents_eric_singapour,2006
dsc00219.jpg,20061220_parents_eric_singapour,2006
dsc00813.jpg,20061220_parents_eric_singapour,2006
dsc00817.jpg,20061220_parents_eric_singapour,2006
IMG_1963.JPG,20061223_parents_eric_noel,2006
IMG_1967.JPG,20061223_parents_eric_noel,2006
IMG_1973.JPG,20061223_parents_eric_noel,2006
IMG_1975.JPG,20061223_parents_eric_noel,2006
IMG_1976.JPG,20061223_parents_eric_noel,2006
IMG_1980.JPG,20061223_parents_eric_noel,2006
IMG_1984.JPG,20061223_parents_eric_noel,2006
IMG_1986.JPG,20061223_parents_eric_noel,2006
IMG_2005.JPG,20061223_parents_eric_noel,2006
IMG_2044.JPG,20061223_parents_eric_noel,2006
IMG_2055.JPG,20061223_parents_eric_noel,2006
IMG_2070.JPG,20061223_parents_eric_noel,2006
IMG_2078.JPG,20061223_parents_eric_noel,2006
IMG_2088.JPG,20061223_parents_eric_noel,2006
IMG_2092.JPG,20061223_parents_eric_noel,2006
IMG_2112.JPG,20061223_parents_eric_noel,2006
IMG_2116.JPG,20061223_parents_eric_noel,2006
IMG_2146.JPG,20061223_parents_eric_noel,2006
IMG_2157.JPG,20061223_parents_eric_noel,2006
IMG_2196.JPG,20061223_parents_eric_noel,2006
IMG_2202.JPG,20061223_parents_eric_noel,2006
IMG_2210.JPG,20061223_parents_eric_noel,2006
IMG_2223.JPG,20061223_parents_eric_noel,2006
IMG_2266.JPG,20061223_parents_eric_noel,2006
IMG_2277.JPG,20061223_parents_eric_noel,2006
IMG_2279.JPG,20061223_parents_eric_noel,2006
IMG_2296.JPG,20061223_parents_eric_noel,2006
dsc00695.jpg,20061223_parents_eric_noel,2006
dsc00698.jpg,20061223_parents_eric_noel,2006
dsc00709.jpg,20061223_parents_eric_noel,2006
dsc00711.jpg,20061223_parents_eric_noel,2006
dsc00712.jpg,20061223_parents_eric_noel,2006
dsc00719.jpg,20061223_parents_eric_noel,2006
imgp0374.jpg,20061225_jj_noel,2006
dsc00126.jpg,20061225_parents_eric_expo_florale,2006
img_2243.jpg,20061225_parents_eric_expo_florale,2006
dsc00189.jpg,20061227_parents_eric_jardins_japonais,2006
imgp0422.jpg,20061229_jj_singapour,2006
imgp0436.jpg,20061229_jj_singapour,2006
IMG_2303.JPG,20061230_jj_chinatown,2006
img_2322.jpg,20061230_jj_chinatown,2006
imgp0383.jpg,20061230_jj_jardin_botanique,2006
IMG_5128.JPG,20061231_jj_reveillon_nouvel_an,2006
IMG_5129.JPG,20061231_jj_reveillon_nouvel_an,2006
IMG_5137.JPG,20061231_jj_reveillon_nouvel_an,2006
IMG_5146.JPG,20061231_jj_reveillon_nouvel_an,2006
IMG_5153.JPG,20061231_jj_reveillon_nouvel_an,2006
IMG_5160.JPG,20061231_jj_reveillon_nouvel_an,2006
imgp0397.jpg,20061231_jj_reveillon_nouvel_an,2006
imgp0399.jpg,20061231_jj_reveillon_nouvel_an,2006
imgp0406.jpg,20061231_jj_reveillon_nouvel_an,2006
IMG_2353.JPG,20070103_jj_sentosa,2007
IMG_2358.JPG,20070103_jj_sentosa,2007
IMG_2381.JPG,20070103_jj_sentosa,2007
IMG_2393.JPG,20070103_jj_sentosa,2007
IMG_2397.JPG,20070103_jj_sentosa,2007
IMG_5164.JPG,20070103_jj_sentosa,2007
img_2464.jpg,20070103_jj_sentosa,2007
imgp0448.jpg,20070103_jj_sentosa,2007
imgp0451.jpg,20070103_jj_sentosa,2007
imgp0454.jpg,20070103_jj_sentosa,2007
imgp0462.jpg,20070103_jj_sentosa,2007
imgp0463.jpg,20070103_jj_sentosa,2007
img_5168.jpg,20070105_jj_east_coast_park,2007
img_5172.jpg,20070105_jj_east_coast_park,2007
img_5173.jpg,20070105_jj_east_coast_park,2007
img_5174.jpg,20070105_jj_east_coast_park,2007
IMG_2468.JPG,20070119_WE_Krabi,2007
IMG_2470.JPG,20070119_WE_Krabi,2007
IMG_2473.JPG,20070119_WE_Krabi,2007
IMG_2480.JPG,20070119_WE_Krabi,2007
IMG_2491.JPG,20070119_WE_Krabi,2007
IMG_2508.JPG,20070119_WE_Krabi,2007
IMG_2518.JPG,20070119_WE_Krabi,2007
IMG_2519.JPG,20070119_WE_Krabi,2007
IMG_2524.JPG,20070119_WE_Krabi,2007
IMG_2548.JPG,20070119_WE_Krabi,2007
IMG_2549.JPG,20070119_WE_Krabi,2007
IMG_2566.JPG,20070119_WE_Krabi,2007
IMG_2576.JPG,20070119_WE_Krabi,2007
IMG_2581.JPG,20070119_WE_Krabi,2007
IMG_2585.JPG,20070119_WE_Krabi,2007
IMG_2589.JPG,20070119_WE_Krabi,2007
IMG_2607.JPG,20070119_WE_Krabi,2007
IMG_2618.JPG,20070119_WE_Krabi,2007
IMG_2632.JPG,20070119_WE_Krabi,2007
IMG_2666.JPG,20070119_WE_Krabi,2007
IMG_2674.JPG,20070119_WE_Krabi,2007
img_2647.jpg,20070119_WE_Krabi,2007
IMG_2676.JPG,20070126_mariage_alice_matthieu,2007
IMG_2686.JPG,20070126_mariage_alice_matthieu,2007
IMG_2690.JPG,20070126_mariage_alice_matthieu,2007
IMG_2696.JPG,20070126_mariage_alice_matthieu,2007
IMG_2704.JPG,20070126_mariage_alice_matthieu,2007
IMG_2713.JPG,20070126_mariage_alice_matthieu,2007
IMG_2720.JPG,20070126_mariage_alice_matthieu,2007
IMG_2721.JPG,20070126_mariage_alice_matthieu,2007
IMG_2723.JPG,20070126_mariage_alice_matthieu,2007
IMG_2751.JPG,20070126_mariage_alice_matthieu,2007
IMG_2760.JPG,20070126_mariage_alice_matthieu,2007
IMG_2770.JPG,20070126_mariage_alice_matthieu,2007
IMG_2810.JPG,20070126_mariage_alice_matthieu,2007
IMG_2818.JPG,20070126_mariage_alice_matthieu,2007
IMG_2823.JPG,20070126_mariage_alice_matthieu,2007
IMG_2861.JPG,20070126_mariage_alice_matthieu,2007
IMG_2889.JPG,20070126_mariage_alice_matthieu,2007
IMG_2922.JPG,20070126_mariage_alice_matthieu,2007
IMG_2947.JPG,20070126_mariage_alice_matthieu,2007
IMG_2972.JPG,20070126_mariage_alice_matthieu,2007
IMG_2977.JPG,20070126_mariage_alice_matthieu,2007
IMG_3018.JPG,20070126_mariage_alice_matthieu,2007
IMG_3040.JPG,20070126_mariage_alice_matthieu,2007
IMG_3042.JPG,20070126_mariage_alice_matthieu,2007
IMG_3052.JPG,20070126_mariage_alice_matthieu,2007
img_2716.jpg,20070126_mariage_alice_matthieu,2007
img_2840.jpg,20070126_mariage_alice_matthieu,2007
img_2847.jpg,20070126_mariage_alice_matthieu,2007
IMG_5202.jpg,20070130_DASH,2007
IMG_5218.jpg,20070130_DASH,2007
IMG_5222.jpg,20070130_DASH,2007
IMG_5232.jpg,20070130_DASH,2007
IMG_5259.jpg,20070130_DASH,2007
IMG_5304.jpg,20070130_DASH,2007
img_5197.jpg,20070200_Quentin_Etienne,2007
img_5201.jpg,20070200_Quentin_Etienne,2007
img_5208.jpg,20070200_Quentin_Etienne,2007
img_5245.jpg,20070200_Quentin_Etienne,2007
img_5361.jpg,20070200_Quentin_Etienne,2007
IMG_5320.jpg,20070201_indian_festival,2007
IMG_5330.jpg,20070201_indian_festival,2007
IMG_5331.jpg,20070201_indian_festival,2007
IMG_5335.jpg,20070201_indian_festival,2007
IMG_5339.jpg,20070201_indian_festival,2007
IMG_5347.jpg,20070201_indian_festival,2007
IMG_5350.jpg,20070201_indian_festival,2007
IMG_5352.jpg,20070201_indian_festival,2007
IMG_5355.jpg,20070201_indian_festival,2007
IMG_5357.jpg,20070201_indian_festival,2007
IMG_5370.jpg,20070201_indian_festival,2007
IMG_5371.jpg,20070201_indian_festival,2007
IMG_5383.jpg,20070201_indian_festival,2007
IMG_5391.jpg,20070201_indian_festival,2007
IMG_5394.jpg,20070201_indian_festival,2007
img_5390.jpg,20070201_indian_festival,2007
img_5211.jpg,20070206_chinese_ny_chinatown,2007
img_5223.jpg,20070206_chinese_ny_chinatown,2007
img_5239.jpg,20070206_chinese_ny_chinatown,2007
IMG_5418.JPG,20070214_Bangkok_Rugby_Tour_01_Mugshots,2007
img_5510.jpg,20070214_Bangkok_Rugby_Tour_01_Mugshots,2007
IMG_5642.JPG,20070217_Bangkok_Rugby_Tour_05_Game1,2007
IMG_5661.JPG,20070217_Bangkok_Rugby_Tour_05_Game1,2007
img_5817.jpg,20070217_Bangkok_Rugby_Tour_05_Game1,2007
IMG_5872.JPG,20070217_Bangkok_Rugby_Tour_06_Game2,2007
IMG_5873.JPG,20070217_Bangkok_Rugby_Tour_06_Game2,2007
IMG_6184.JPG,20070218_Bangkok_Rugby_Tour_10_Game4,2007
IMG_6256.JPG,20070218_Bangkok_Rugby_Tour_10_Game4,2007
IMG_6257.JPG,20070218_Bangkok_Rugby_Tour_10_Game4,2007
IMG_6278.JPG,20070218_Bangkok_Rugby_Tour_10_Game4,2007
IMG_6408.JPG,20070218_Bangkok_Rugby_Tour_10_Game4,2007
IMG_6671.JPG,20070218_Bangkok_Rugby_Tour_11_Game5,2007
img_5250.jpg,20070220_chinese_japanese_garden,2007
img_5258.jpg,20070220_chinese_japanese_garden,2007
img_5259.jpg,20070220_chinese_japanese_garden,2007
img_5276.jpg,20070220_chinese_japanese_garden,2007
img_5277.jpg,20070220_chinese_japanese_garden,2007
img_5302.jpg,20070220_chinese_japanese_garden,2007
img_5347.jpg,20070222_partners_BBQ,2007
img_5378.jpg,20070227_daycare_quentin_last_day,2007
img_5392.jpg,20070227_daycare_quentin_last_day,2007
img_5405.jpg,20070227_daycare_quentin_last_day,2007
img_5424.jpg,20070227_daycare_quentin_last_day,2007
Scan_Pic0001.jpg,20070227_dolphin_lagoon,2007
img_5371.jpg,20070227_dolphin_lagoon,2007
img_5435.jpg,20070300_etienne_quentin,2007
img_5445.jpg,20070300_etienne_quentin,2007
img_5449.jpg,20070300_etienne_quentin,2007
img_5454.jpg,20070300_etienne_quentin,2007
img_5457.jpg,20070300_etienne_quentin,2007
img_7033.jpg,20070300_etienne_quentin,2007
img_7035.jpg,20070300_etienne_quentin,2007
img_7089.jpg,20070300_etienne_quentin,2007
img_7101.jpg,20070300_etienne_quentin,2007
img_7114.jpg,20070300_etienne_quentin,2007
img_7008.jpg,20070323_visite_gautheyrou_girls,2007
img_7014.jpg,20070323_visite_gautheyrou_girls,2007
IMG_7041.JPG,20070325_anniversaire_jacques_bourdat,2007
img_7047.jpg,20070325_anniversaire_jacques_bourdat,2007
img_7055.jpg,20070325_anniversaire_jacques_bourdat,2007
img_7066.jpg,20070325_anniversaire_jacques_bourdat,2007
img_7071.jpg,20070325_anniversaire_jacques_bourdat,2007
img_7075.jpg,20070325_anniversaire_jacques_bourdat,2007
img_5489.jpg,20070331_anniversaire_flo_liege,2007
img_5495.jpg,20070331_anniversaire_flo_liege,2007
img_5530.jpg,20070400_etienne_quentin,2007
img_7129.jpg,20070400_etienne_quentin,2007
img_7144.jpg,20070400_etienne_quentin,2007
img_7157.jpg,20070400_etienne_quentin,2007
img_7228.jpg,20070400_etienne_quentin,2007
IMG_7216.JPG,20070408_Paques_JJ,2007
IMG_7253.JPG,20070428_Bapteme_Etienne,2007
IMG_7261.JPG,20070428_Bapteme_Etienne,2007
IMG_7278.JPG,20070428_Bapteme_Etienne,2007
IMG_7283.JPG,20070428_Bapteme_Etienne,2007
IMG_7291.JPG,20070428_Bapteme_Etienne,2007
IMG_7298.JPG,20070428_Bapteme_Etienne,2007
IMG_7300.JPG,20070428_Bapteme_Etienne,2007
IMG_7303.JPG,20070428_Bapteme_Etienne,2007
IMG_7308.JPG,20070428_Bapteme_Etienne,2007
IMG_7317.JPG,20070428_Bapteme_Etienne,2007
IMG_7329.JPG,20070428_Bapteme_Etienne,2007
IMG_7351.JPG,20070428_Bapteme_Etienne,2007
IMG_7366.JPG,20070428_Bapteme_Etienne,2007
IMG_7370.JPG,20070428_Bapteme_Etienne,2007
IMG_7380.JPG,20070428_Bapteme_Etienne,2007
IMG_7382.JPG,20070428_Bapteme_Etienne,2007
IMG_7385.JPG,20070428_Bapteme_Etienne,2007
IMG_7389.JPG,20070428_Bapteme_Etienne,2007
IMG_7390.JPG,20070428_Bapteme_Etienne,2007
IMG_7391.JPG,20070428_Bapteme_Etienne,2007
IMG_7395.JPG,20070428_Bapteme_Etienne,2007
IMG_7398.JPG,20070428_Bapteme_Etienne,2007
IMG_7402.JPG,20070428_Bapteme_Etienne,2007
IMG_7414.JPG,20070428_Bapteme_Etienne,2007
IMG_7419.JPG,20070428_Bapteme_Etienne,2007
IMG_7426.JPG,20070428_Bapteme_Etienne,2007
IMG_7440.JPG,20070428_Bapteme_Etienne,2007
IMG_7446.JPG,20070428_Bapteme_Etienne,2007
dsc00483.jpg,20070428_Bapteme_Etienne,2007
IMG_5542.JPG,20070430_nice_laure,2007
dsc00832.jpg,20070430_nice_laure,2007
img_5544.jpg,20070430_nice_laure,2007
img_5550.jpg,20070430_nice_laure,2007
IMG_7539.JPG,20070500_quentin_etienne,2007
img_7502.jpg,20070500_quentin_etienne,2007
img_7508.jpg,20070500_quentin_etienne,2007
img_7527.jpg,20070500_quentin_etienne,2007
img_7529.jpg,20070500_quentin_etienne,2007
img_7553.jpg,20070500_quentin_etienne,2007
img_7560.jpg,20070500_quentin_etienne,2007
img_7644.jpg,20070500_quentin_etienne,2007
img_8128.jpg,20070600_quentin_etienne,2007
IMG_7752.JPG,20070603_anniv_quentin_francois,2007
img_7671.jpg,20070603_anniv_quentin_francois,2007
img_7672.jpg,20070603_anniv_quentin_francois,2007
img_7678.jpg,20070603_anniv_quentin_francois,2007
img_7683.jpg,20070603_anniv_quentin_francois,2007
img_7692.jpg,20070603_anniv_quentin_francois,2007
img_7693.jpg,20070603_anniv_quentin_francois,2007
img_7719.jpg,20070603_anniv_quentin_francois,2007
img_7735.jpg,20070603_anniv_quentin_francois,2007
img_7738.jpg,20070603_anniv_quentin_francois,2007
img_7760.jpg,20070606_nice_en_famille,2007
img_7769.jpg,20070606_nice_en_famille,2007
img_7778.jpg,20070606_nice_en_famille,2007
img_7808.jpg,20070606_nice_en_famille,2007
img_7815.jpg,20070606_nice_en_famille,2007
img_7816.jpg,20070606_nice_en_famille,2007
img_7830.jpg,20070606_nice_en_famille,2007
img_7839.jpg,20070606_nice_en_famille,2007
img_7850.jpg,20070606_nice_en_famille,2007
img_7868.jpg,20070606_nice_en_famille,2007
img_7869.jpg,20070606_nice_en_famille,2007
img_7876.jpg,20070606_nice_en_famille,2007
img_7899.jpg,20070606_nice_en_famille,2007
img_7904.jpg,20070606_nice_en_famille,2007
img_7914.jpg,20070606_nice_en_famille,2007
img_7917.jpg,20070606_nice_en_famille,2007
img_7933.jpg,20070606_nice_en_famille,2007
img_7961.jpg,20070606_nice_en_famille,2007
img_7970.jpg,20070606_nice_en_famille,2007
img_7975.jpg,20070606_nice_en_famille,2007
img_8015.jpg,20070606_nice_en_famille,2007
img_8020.jpg,20070606_nice_en_famille,2007
img_8026.jpg,20070606_nice_en_famille,2007
img_8043.jpg,20070606_nice_en_famille,2007
img_8055.jpg,20070606_nice_en_famille,2007
img_8067.jpg,20070606_nice_en_famille,2007
img_8103.jpg,20070606_nice_en_famille,2007
img_8112.jpg,20070606_nice_en_famille,2007
img_8147.jpg,20070625_naissance_jean-baptiste,2007
img_8150.jpg,20070625_naissance_jean-baptiste,2007
img_8156.jpg,20070625_naissance_jean-baptiste,2007
img_8173.jpg,20070700_etienne_quentin,2007
img_8181.jpg,20070700_etienne_quentin,2007
img_8185.jpg,20070700_etienne_quentin,2007
img_8187.jpg,20070700_etienne_quentin,2007
IMG_8222.JPG,20070705_insead_graduation,2007
img_5565.jpg,20070705_insead_graduation,2007
img_8221.jpg,20070705_insead_graduation,2007
img_8241.jpg,20070710_nice,2007
img_8244.jpg,20070710_nice,2007
img_8249.jpg,20070710_nice,2007
img_8259.jpg,20070710_nice,2007
img_8271.jpg,20070710_nice,2007
img_8276.jpg,20070710_nice,2007
img_8288.jpg,20070710_nice,2007
img_8340.jpg,20070710_nice,2007
img_8360.jpg,20070710_nice,2007
img_8400.jpg,20070710_nice,2007
img_8409.jpg,20070710_nice,2007
img_8411.jpg,20070710_nice,2007
img_8575.jpg,20070727_david_monica_wedding,2007
img_8641.jpg,20070727_david_monica_wedding,2007
img_8646.jpg,20070727_david_monica_wedding,2007
img_8654.jpg,20070727_david_monica_wedding,2007
img_8659.jpg,20070727_david_monica_wedding,2007
img_8661.jpg,20070727_david_monica_wedding,2007
img_8727.jpg,20070727_david_monica_wedding,2007
img_8853.jpg,20070727_david_monica_wedding,2007
img_8862.jpg,20070727_david_monica_wedding,2007
img_8865.jpg,20070727_david_monica_wedding,2007
img_8867.jpg,20070727_david_monica_wedding,2007
IMG_8975.JPG,20070800_etienne_quentin,2007
IMG_9003.JPG,20070800_etienne_quentin,2007
IMG_9011.JPG,20070800_etienne_quentin,2007
IMG_9019.JPG,20070800_etienne_quentin,2007
IMG_9029.JPG,20070800_etienne_quentin,2007
IMG_9031.JPG,20070800_etienne_quentin,2007
IMG_8877.JPG,20070808_vacances_lot,2007
IMG_8890.JPG,20070808_vacances_lot,2007
IMG_8908.JPG,20070808_vacances_lot,2007
IMG_8914.JPG,20070808_vacances_lot,2007
IMG_8918.JPG,20070808_vacances_lot,2007
IMG_8935.JPG,20070808_vacances_lot,2007
IMG_8938.JPG,20070808_vacances_lot,2007
IMG_8952.JPG,20070808_vacances_lot,2007
IMG_9036.JPG,20070826_jardin_acclimatation,2007
IMG_9042.JPG,20070826_jardin_acclimatation,2007
IMG_9045.JPG,20070826_jardin_acclimatation,2007
IMG_9057.JPG,20070826_jardin_acclimatation,2007
IMG_9091.JPG,20070826_jardin_acclimatation,2007
IMG_9105.JPG,20070826_jardin_acclimatation,2007
IMG_9115.JPG,20070826_jardin_acclimatation,2007
IMG_9148.JPG,20070900_etienne_quentin,2007
IMG_9151.JPG,20070900_etienne_quentin,2007
IMG_9166.JPG,20070900_etienne_quentin,2007
IMG_9173.JPG,20070900_etienne_quentin,2007
IMG_9193.JPG,20070900_etienne_quentin,2007
IMG_9200.JPG,20070900_etienne_quentin,2007
IMG_9203.JPG,20070900_etienne_quentin,2007
IMG_9207.JPG,20070900_etienne_quentin,2007
IMG_9210.JPG,20070900_etienne_quentin,2007
IMG_9213.JPG,20070900_etienne_quentin,2007
IMG_9217.JPG,20070900_etienne_quentin,2007
IMG_9218.JPG,20070900_etienne_quentin,2007
IMG_9223.JPG,20070900_etienne_quentin,2007
IMG_9232.JPG,20070900_etienne_quentin,2007
IMG_9239.JPG,20071005_mariage_camille_yoann,2007
IMG_9240.JPG,20071005_mariage_camille_yoann,2007
IMG_9245.JPG,20071005_mariage_camille_yoann,2007
IMG_9249.JPG,20071005_mariage_camille_yoann,2007
IMG_9250.JPG,20071005_mariage_camille_yoann,2007
IMG_9258.JPG,20071005_mariage_camille_yoann,2007
IMG_9285.JPG,20071005_mariage_camille_yoann,2007
IMG_9288.JPG,20071005_mariage_camille_yoann,2007
IMG_9303.JPG,20071005_mariage_camille_yoann,2007
IMG_9307.JPG,20071005_mariage_camille_yoann,2007
IMG_9311.JPG,20071005_mariage_camille_yoann,2007
IMG_9318.JPG,20071005_mariage_camille_yoann,2007
IMG_9326.JPG,20071005_mariage_camille_yoann,2007
IMG_9332.JPG,20071021_bapteme_jeanbat,2007
IMG_9334.JPG,20071021_bapteme_jeanbat,2007
IMG_9341.JPG,20071021_bapteme_jeanbat,2007
IMG_9344.JPG,20071021_bapteme_jeanbat,2007
IMG_9347.JPG,20071021_bapteme_jeanbat,2007
IMG_9350.JPG,20071021_bapteme_jeanbat,2007
IMG_9353.JPG,20071021_bapteme_jeanbat,2007
IMG_9355.JPG,20071021_bapteme_jeanbat,2007
IMG_9359.JPG,20071021_bapteme_jeanbat,2007
IMG_9362.JPG,20071021_bapteme_jeanbat,2007
IMG_9365.JPG,20071021_bapteme_jeanbat,2007
IMG_9369.JPG,20071021_bapteme_jeanbat,2007
IMG_9370.JPG,20071021_bapteme_jeanbat,2007
IMG_9379.JPG,20071021_bapteme_jeanbat,2007
IMG_9383.JPG,20071021_bapteme_jeanbat,2007
IMG_9387.JPG,20071021_bapteme_jeanbat,2007
IMG_9391.JPG,20071021_bapteme_jeanbat,2007
IMG_9398.JPG,20071021_bapteme_jeanbat,2007
IMG_9399.JPG,20071021_bapteme_jeanbat,2007
IMG_9400.JPG,20071021_bapteme_jeanbat,2007
IMG_9401.JPG,20071021_bapteme_jeanbat,2007
IMG_9404.JPG,20071021_bapteme_jeanbat,2007
IMG_9406.JPG,20071021_bapteme_jeanbat,2007
IMG_0146.JPG,20071031_vacances_munich,2007
IMG_0155.JPG,20071031_vacances_munich,2007
IMG_9412.JPG,20071031_vacances_munich,2007
IMG_9419.JPG,20071031_vacances_munich,2007
IMG_0207.JPG,20071100_etienne_quentin,2007
IMG_0208.JPG,20071100_etienne_quentin,2007
IMG_9428.JPG,20071103_anniversaire_etienne,2007
IMG_9445.JPG,20071103_anniversaire_etienne,2007
IMG_9447.JPG,20071103_anniversaire_etienne,2007
IMG_9479.JPG,20071103_anniversaire_etienne,2007
IMG_9484.JPG,20071103_anniversaire_etienne,2007
IMG_9500.JPG,20071103_anniversaire_etienne,2007
IMG_9514.JPG,20071103_anniversaire_etienne,2007
IMG_9529.JPG,20071103_anniversaire_etienne,2007
IMG_9532.JPG,20071103_anniversaire_etienne,2007
IMG_9541.JPG,20071103_anniversaire_etienne,2007
IMG_9550.JPG,20071103_anniversaire_etienne,2007
IMG_9555.JPG,20071103_anniversaire_etienne,2007
IMG_9578.JPG,20071103_anniversaire_etienne,2007
IMG_9602.JPG,20071103_anniversaire_etienne,2007
IMG_9616.JPG,20071103_anniversaire_etienne,2007
IMG_9618.JPG,20071103_anniversaire_etienne,2007
IMG_9629.JPG,20071103_anniversaire_etienne,2007
IMG_9640.JPG,20071103_anniversaire_etienne,2007
IMG_9651.JPG,20071103_anniversaire_etienne,2007
IMG_9661.JPG,20071103_anniversaire_etienne,2007
IMG_9686.JPG,20071103_anniversaire_etienne,2007
IMG_9705.JPG,20071103_anniversaire_etienne,2007
IMG_9715.JPG,20071103_anniversaire_etienne,2007
IMG_9719.JPG,20071103_anniversaire_etienne,2007
IMG_9724.JPG,20071103_anniversaire_etienne,2007
IMG_9733.JPG,20071103_anniversaire_etienne,2007
IMG_9748.JPG,20071103_anniversaire_etienne,2007
IMG_9751.JPG,20071103_anniversaire_etienne,2007
IMG_9754.JPG,20071103_anniversaire_etienne,2007
IMG_9782.JPG,20071103_anniversaire_etienne,2007
IMG_9795.JPG,20071103_anniversaire_etienne,2007
IMG_9800.JPG,20071103_anniversaire_etienne,2007
IMG_9845.JPG,20071103_anniversaire_etienne,2007
IMG_9863.JPG,20071103_anniversaire_etienne,2007
IMG_9870.JPG,20071103_anniversaire_etienne,2007
IMG_9928.JPG,20071103_anniversaire_etienne,2007
IMG_9970.JPG,20071104_zoo_munich,2007
IMG_9983.JPG,20071104_zoo_munich,2007
IMG_0170.JPG,20071110_anniv_etienne_parrains,2007
IMG_0173.JPG,20071111_anniv_etienne_bourdat,2007
IMG_0184.JPG,20071111_anniv_etienne_bourdat,2007
IMG_0186.JPG,20071111_anniv_etienne_bourdat,2007
IMG_0189.JPG,20071111_anniv_etienne_bourdat,2007
IMG_0193.JPG,20071111_anniv_etienne_bourdat,2007
IMG_0196.JPG,20071111_anniv_etienne_bourdat,2007
IMG_0293.JPG,20071200_etienne_quentin,2007
IMG_0350.JPG,20071200_etienne_quentin,2007
IMG_0218.JPG,20071202_we_londres,2007
IMG_0233.JPG,20071202_we_londres,2007
IMG_0242.JPG,20071202_we_londres,2007
IMG_0245.JPG,20071202_we_londres,2007
IMG_0251.JPG,20071209_we_alsace,2007
IMG_0258.JPG,20071209_we_alsace,2007
IMG_0262.JPG,20071209_we_alsace,2007
IMG_0317.JPG,20071225_noel_bourdat,2007
IMG_0332.JPG,20071225_noel_bourdat,2007
IMG_0343.JPG,20071226_dej_marandon,2007
IMG_0344.JPG,20071226_dej_marandon,2007
IMG_0345.JPG,20071226_dej_marandon,2007
IMG_0442.JPG,20071231_reveillon_cats,2007
IMG_0449.JPG,20071231_reveillon_cats,2007
IMG_0523.JPG,20080100_etienne_quentin,2008
IMG_0526.JPG,20080100_etienne_quentin,2008
IMG_0565.JPG,20080111_diner_landauer,2008
IMG_0571.JPG,20080111_diner_landauer,2008
IMG_0574.JPG,20080111_diner_landauer,2008
IMG_0622.JPG,20080126_anniv_nat,2008
IMG_0627.JPG,20080126_anniv_nat,2008
IMG_0630.JPG,20080126_anniv_nat,2008
IMG_0631.JPG,20080126_anniv_nat,2008
IMG_0653.JPG,20080126_anniv_nat,2008
IMG_0654.JPG,20080126_anniv_nat,2008
IMG_0667.JPG,20080126_anniv_nat,2008
IMG_0668.JPG,20080126_anniv_nat,2008
IMG_0678.JPG,20080200_etienne_quentin,2008
IMG_0684.JPG,20080208_we_chatenay,2008
IMG_0691.JPG,20080208_we_chatenay,2008
IMG_0710.JPG,20080208_we_chatenay,2008
IMG_0716.JPG,20080208_we_chatenay,2008
IMG_0741.JPG,20080208_we_chatenay,2008
IMG_0767.JPG,20080208_we_chatenay,2008
IMG_0787.JPG,20080208_we_chatenay,2008
IMG_0820.JPG,20080208_we_chatenay,2008
IMG_0839.JPG,20080208_we_chatenay,2008
IMG_0842.JPG,20080208_we_chatenay,2008
IMG_0843.JPG,20080208_we_chatenay,2008
IMG_0844.JPG,20080208_we_chatenay,2008
IMG_0845.JPG,20080208_we_chatenay,2008
IMG_0846.JPG,20080208_we_chatenay,2008
IMG_0852.JPG,20080208_we_chatenay,2008
IMG_0861.JPG,20080208_we_chatenay,2008
IMG_0872.JPG,20080208_we_chatenay,2008
IMG_0883.JPG,20080208_we_chatenay,2008
IMG_0886.JPG,20080208_we_chatenay,2008
IMG_0892.JPG,20080208_we_chatenay,2008
IMG_0900.JPG,20080208_we_chatenay,2008
IMG_0903.JPG,20080208_we_chatenay,2008
IMG_0904.JPG,20080208_we_chatenay,2008
IMG_0908.JPG,20080208_we_chatenay,2008
IMG_0918.JPG,20080216_cousins_a_la_maison,2008
IMG_0932.JPG,20080216_cousins_a_la_maison,2008
00037.jpg,20080300_etienne,2008
00040.jpg,20080300_etienne,2008
00046.jpg,20080300_etienne,2008
IMG_0960.JPG,20080308_ski_serre_chevalier,2008
IMG_0972.JPG,20080308_ski_serre_chevalier,2008
IMG_0983.JPG,20080308_ski_serre_chevalier,2008
IMG_1003.JPG,20080308_ski_serre_chevalier,2008
IMG_1015.JPG,20080308_ski_serre_chevalier,2008
IMG_1019.JPG,20080308_ski_serre_chevalier,2008
IMG_1023.JPG,20080308_ski_serre_chevalier,2008
IMG_1058.JPG,20080308_ski_serre_chevalier,2008
IMG_1064.JPG,20080308_ski_serre_chevalier,2008
IMG_1089.JPG,20080308_ski_serre_chevalier,2008
IMG_1128.JPG,20080308_ski_serre_chevalier,2008
IMG_1139.JPG,20080308_ski_serre_chevalier,2008
IMG_1145.JPG,20080308_ski_serre_chevalier,2008
IMG_1150.JPG,20080308_ski_serre_chevalier,2008
IMG_1177.JPG,20080308_ski_serre_chevalier,2008
IMG_1190.JPG,20080308_ski_serre_chevalier,2008
IMG_1215.JPG,20080308_ski_serre_chevalier,2008
IMG_1216.JPG,20080308_ski_serre_chevalier,2008
IMG_1241.JPG,20080308_ski_serre_chevalier,2008
IMG_1247.JPG,20080308_ski_serre_chevalier,2008
IMG_1261.JPG,20080308_ski_serre_chevalier,2008
IMG_1306.JPG,20080308_ski_serre_chevalier,2008
IMG_1320.JPG,20080308_ski_serre_chevalier,2008
IMG_1324.JPG,20080322_diner_insead,2008
IMG_1333.JPG,20080322_diner_insead,2008
IMG_1344.JPG,20080323_paques_garches,2008
IMG_1352.JPG,20080323_paques_garches,2008
IMG_1355.JPG,20080323_paques_garches,2008
IMG_1365.JPG,20080323_paques_garches,2008
IMG_1368.JPG,20080323_paques_garches,2008
IMG_1375.JPG,20080323_paques_garches,2008
IMG_1378.JPG,20080323_paques_garches,2008
IMG_1382.JPG,20080323_paques_garches,2008
IMG_1384.JPG,20080323_paques_garches,2008
IMG_1397.JPG,20080323_paques_garches,2008
IMG_1404.JPG,20080323_paques_garches,2008
IMG_1416.JPG,20080323_paques_garches,2008
IMG_1419.JPG,20080323_paques_garches,2008
IMG_1423.JPG,20080323_paques_garches,2008
IMG_1425.JPG,20080323_paques_garches,2008
IMG_1430.JPG,20080323_paques_garches,2008
IMG_1436.JPG,20080323_paques_garches,2008
00055.jpg,20080329_anniversaire_lise,2008
00056.jpg,20080329_anniversaire_lise,2008
00059.jpg,20080329_anniversaire_lise,2008
00007.jpg,20080329_carnaval_quentin,2008
00029.jpg,20080329_carnaval_quentin,2008
IMG_1505.JPG,20080400_quentin_etienne,2008
IMG_1523.JPG,20080400_quentin_etienne,2008
IMG_1525.JPG,20080400_quentin_etienne,2008
IMG_1546.JPG,20080400_quentin_etienne,2008
IMG_1547.JPG,20080400_quentin_etienne,2008
IMG_1560.JPG,20080400_quentin_etienne,2008
IMG_1577.JPG,20080400_quentin_etienne,2008
IMG_1583.JPG,20080400_quentin_etienne,2008
IMG_1598.JPG,20080400_quentin_etienne,2008
IMG_1599.JPG,20080400_quentin_etienne,2008
IMG_1605.JPG,20080400_quentin_etienne,2008
IMG_1614.JPG,20080400_quentin_etienne,2008
IMG_1761.JPG,20080500_quentin_etienne,2008
IMG_1764.JPG,20080500_quentin_etienne,2008
IMG_1766.JPG,20080500_quentin_etienne,2008
IMG_1769.JPG,20080500_quentin_etienne,2008
IMG_1641.JPG,20080507_vacances_lacolle,2008
IMG_1647.JPG,20080507_vacances_lacolle,2008
IMG_1650.JPG,20080507_vacances_lacolle,2008
IMG_1654.JPG,20080507_vacances_lacolle,2008
IMG_1688.JPG,20080507_vacances_lacolle,2008
IMG_1694.JPG,20080507_vacances_lacolle,2008
IMG_1701.JPG,20080507_vacances_lacolle,2008
IMG_1728.JPG,20080507_vacances_lacolle,2008
IMG_1734.JPG,20080507_vacances_lacolle,2008
IMG_1743.JPG,20080507_vacances_lacolle,2008
IMG_1751.JPG,20080507_vacances_lacolle,2008
img_1851.jpg,20080600_quentin_etienne,2008
IMG_1774.JPG,20080607_anniversaire_quentin,2008
IMG_1775.JPG,20080607_anniversaire_quentin,2008
IMG_1779.JPG,20080607_anniversaire_quentin,2008
IMG_1792.JPG,20080607_anniversaire_quentin,2008
IMG_1796.JPG,20080607_anniversaire_quentin,2008
IMG_1810.JPG,20080607_anniversaire_quentin,2008
IMG_1814.JPG,20080607_anniversaire_quentin,2008
IMG_1817.JPG,20080607_anniversaire_quentin,2008
img_1867.jpg,20080615_anniv_quentin_francois,2008
img_1938.jpg,20080705_mariage_marthe_thomas,2008
img_1954.jpg,20080705_mariage_marthe_thomas,2008
img_1965.jpg,20080705_mariage_marthe_thomas,2008
img_1969.jpg,20080705_mariage_marthe_thomas,2008
img_2128.jpg,20080705_mariage_marthe_thomas,2008
img_0018.jpg,20080724_US_san_francisco,2008
img_2172.jpg,20080724_US_san_francisco,2008
img_2176.jpg,20080724_US_san_francisco,2008
img_2187.jpg,20080724_US_san_francisco,2008
img_2200.jpg,20080724_US_san_francisco,2008
img_2207.jpg,20080724_US_san_francisco,2008
img_2283.jpg,20080724_US_san_francisco,2008
img_2376.jpg,20080724_US_san_francisco,2008
img_2434.jpg,20080724_US_san_francisco,2008
img_2439.jpg,20080724_US_san_francisco,2008
img_2259.jpg,20080725_US_alcatraz,2008
img_2276.jpg,20080725_US_alcatraz,2008
img_2277.jpg,20080725_US_alcatraz,2008
img_0029.jpg,20080727_US_muir_woods_sonoma,2008
img_0035.jpg,20080727_US_muir_woods_sonoma,2008
img_2458.jpg,20080727_US_muir_woods_sonoma,2008
img_0044.jpg,20080729_US_las_vegas,2008
img_0073.jpg,20080729_US_las_vegas,2008
img_0076.jpg,20080729_US_las_vegas,2008
img_0088.jpg,20080729_US_las_vegas,2008
img_2472.jpg,20080730_US_bryce_canyon,2008
img_2509.jpg,20080730_US_bryce_canyon,2008
img_2545.jpg,20080730_US_bryce_canyon,2008
img_2566.jpg,20080730_US_bryce_canyon,2008
img_2582.jpg,20080730_US_bryce_canyon,2008
img_2583.jpg,20080730_US_bryce_canyon,2008
img_2586.jpg,20080730_US_bryce_canyon,2008
img_2590.jpg,20080730_US_bryce_canyon,2008
img_2597.jpg,20080730_US_bryce_canyon,2008
img_2600.jpg,20080730_US_bryce_canyon,2008
img_2602.jpg,20080730_US_bryce_canyon,2008
img_2622.jpg,20080731_US_arches,2008
img_2629.jpg,20080731_US_arches,2008
img_2645.jpg,20080731_US_arches,2008
img_2663.jpg,20080731_US_arches,2008
img_2668.jpg,20080731_US_arches,2008
img_2688.jpg,20080731_US_arches,2008
img_2717.jpg,20080801_US_mesa_verde,2008
img_2736.jpg,20080801_US_mesa_verde,2008
img_2738.jpg,20080801_US_mesa_verde,2008
img_2748.jpg,20080802_US_monument_valley,2008
img_2760.jpg,20080802_US_monument_valley,2008
img_2766.jpg,20080802_US_monument_valley,2008
img_2787.jpg,20080802_US_monument_valley,2008
img_2795.jpg,20080802_US_monument_valley,2008
img_2802.jpg,20080802_US_monument_valley,2008
img_2862.jpg,20080803_US_lake_powell,2008
img_2867.jpg,20080803_US_lake_powell,2008
img_2899.jpg,20080803_US_lake_powell,2008
img_2934.jpg,20080804_US_antelope_canyon,2008
img_2937.jpg,20080804_US_antelope_canyon,2008
img_2949.jpg,20080804_US_antelope_canyon,2008
img_2972.jpg,20080804_US_antelope_canyon,2008
img_3014.jpg,20080805_US_grand_canyon,2008
img_3041.jpg,20080805_US_grand_canyon,2008
img_3043.jpg,20080805_US_grand_canyon,2008
img_0161.jpg,20080810_vacances_dordogne,2008
img_0170.jpg,20080810_vacances_dordogne,2008
img_0181.jpg,20080810_vacances_dordogne,2008
img_0183.jpg,20080810_vacances_dordogne,2008
img_0190.jpg,20080810_vacances_dordogne,2008
img_3072.jpg,20080810_vacances_dordogne,2008
img_3077.jpg,20080810_vacances_dordogne,2008
img_3098.jpg,20080810_vacances_dordogne,2008
img_3109.jpg,20080810_vacances_dordogne,2008
img_3110.jpg,20080810_vacances_dordogne,2008
img_3122.jpg,20080810_vacances_dordogne,2008
img_3125.jpg,20080810_vacances_dordogne,2008
img_3173.jpg,20080900_etienne_quentin,2008
img_3200.jpg,20080900_etienne_quentin,2008
img_3213.jpg,20080900_etienne_quentin,2008
img_3235.jpg,20080900_etienne_quentin,2008
img_3249.jpg,20080900_etienne_quentin,2008
img_3262.jpg,20080900_etienne_quentin,2008
img_3316.jpg,20080900_etienne_quentin,2008
img_3333.jpg,20080900_etienne_quentin,2008
img_3337.jpg,20080900_etienne_quentin,2008
img_3352.jpg,20080900_etienne_quentin,2008
IMG_0254.JPG,20080920_mariage_eric_lorraine,2008
img_3455.jpg,20080920_mariage_eric_lorraine,2008
img_3481.jpg,20080920_mariage_eric_lorraine,2008
img_3482.jpg,20080920_mariage_eric_lorraine,2008
img_3487.jpg,20080920_mariage_eric_lorraine,2008
img_3489.jpg,20080920_mariage_eric_lorraine,2008
img_3499.jpg,20080920_mariage_eric_lorraine,2008
IMG_0280.JPG,20080927_mariage_nico_sandra,2008
IMG_3620.JPG,20080927_mariage_nico_sandra,2008
IMG_3621.JPG,20080927_mariage_nico_sandra,2008
IMG_3622.JPG,20080927_mariage_nico_sandra,2008
IMG_3625.JPG,20080927_mariage_nico_sandra,2008
IMG_3643.JPG,20080927_mariage_nico_sandra,2008
IMG_3645.JPG,20080927_mariage_nico_sandra,2008
IMG_3661.JPG,20080927_mariage_nico_sandra,2008
IMG_3710.JPG,20080927_mariage_nico_sandra,2008
IMG_3899.JPG,20080927_mariage_nico_sandra,2008
IMG_3901.JPG,20080927_mariage_nico_sandra,2008
IMG_3933.JPG,20080927_mariage_nico_sandra,2008
IMG_4016.JPG,20080927_mariage_nico_sandra,2008
IMG_4035.JPG,20080927_mariage_nico_sandra,2008
IMG_0373.JPG,20081001_oktoberfest,2008
IMG_0374.JPG,20081001_oktoberfest,2008
IMG_4082.JPG,20081103_anniversaire_etienne,2008
IMG_4084.JPG,20081103_anniversaire_etienne,2008
IMG_4117.JPG,20081116_anniversaire steph etienne,2008
IMG_4121.JPG,20081116_anniversaire steph etienne,2008
IMG_4123.JPG,20081116_anniversaire steph etienne,2008
IMG_4126.JPG,20081116_anniversaire steph etienne,2008
IMG_4162.JPG,20081122_we louvet,2008
IMG_4166.JPG,20081122_we louvet,2008
IMG_4173.JPG,20081122_we louvet,2008
IMG_4185.JPG,20081122_we louvet,2008
IMG_4223.JPG,20081122_we louvet,2008
IMG_0547.JPG,20081220_noel_lacolle,2008
IMG_0593.JPG,20081220_noel_lacolle,2008
IMG_0619.JPG,20081220_noel_lacolle,2008
IMG_0622.JPG,20081220_noel_lacolle,2008
IMG_4266.JPG,20081220_noel_lacolle,2008
IMG_4285.JPG,20081220_noel_lacolle,2008
IMG_4288.JPG,20081220_noel_lacolle,2008
IMG_4249.JPG,20081220_noel_lacolle_eric,2008
IMG_4273.JPG,20081220_noel_lacolle_eric,2008
IMG_4295.JPG,20081220_noel_lacolle_eric,2008
IMG_4308.JPG,20081220_noel_lacolle_eric,2008
IMG_4467.JPG,20081220_noel_lacolle_eric,2008
IMG_4480.JPG,20081220_noel_lacolle_eric,2008
IMG_4510.JPG,20081220_noel_lacolle_eric,2008
IMG_4594.JPG,20081220_noel_lacolle_eric,2008
IMG_0672.JPG,20081231_newyear_chatenay,2008
IMG_0673.JPG,20081231_newyear_chatenay,2008
IMG_0680.JPG,20081231_newyear_chatenay,2008
IMG_0700.JPG,20081231_newyear_chatenay,2008
IMG_4336.JPG,20081231_newyear_chatenay,2008
IMG_4344.JPG,20081231_newyear_chatenay,2008
IMG_4352.JPG,20081231_newyear_chatenay,2008
P1010980.JPG,20081231_newyear_chatenay,2008
IMG_4384.JPG,20090100_quentin_etienne,2009
IMG_4906.JPG,20090718_mariage_fred_virginie,2009
IMG_4920.JPG,20090718_mariage_fred_virginie,2009
IMG_5224.JPG,20090801_vacances_dordogne,2009
IMG_5228.JPG,20090801_vacances_dordogne,2009
IMG_1255.JPG,20090807_vacances_sicile,2009
IMG_5350.JPG,20091000_etienne_quentin,2009
IMG_5358.JPG,20091000_etienne_quentin,2009
IMG_5359.JPG,20091000_etienne_quentin,2009
IMG_5376.JPG,20091000_etienne_quentin,2009
IMG_5382.JPG,20091000_etienne_quentin,2009
IMG_5390.JPG,20091000_etienne_quentin,2009
IMG_5400.JPG,20091000_etienne_quentin,2009
IMG_0165.JPG,20091208_naissance_pauline,2009
IMG_0226.JPG,20091208_naissance_pauline,2009
IMG_1369.JPG,20091208_naissance_pauline,2009
IMG_5585.JPG,20091208_naissance_pauline,2009
IMG_5616.JPG,20091208_naissance_pauline,2009
IMG_5625.JPG,20091208_naissance_pauline,2009
IMG_5657.jpg,20091208_naissance_pauline,2009
IMG_5671.JPG,20091208_naissance_pauline,2009
IMG_5682.JPG,20091208_naissance_pauline,2009
IMG_5690.JPG,20091208_naissance_pauline,2009
IMG_1330.jpg,20091225_noel,2009
IMG_5735.JPG,20091225_noel,2009
IMG_5820.JPG,20091225_noel,2009
IMG_5827.JPG,20091225_noel,2009
IMG_5854.jpg,20091230_photo_session_kids,2009
IMG_5861.JPG,20091230_photo_session_kids,2009
IMG_5880.JPG,20091230_photo_session_kids,2009
IMG_5886.JPG,20091230_photo_session_kids,2009
IMG_5893.JPG,20091230_photo_session_kids,2009
IMG_5897.jpg,20091230_photo_session_kids,2009
IMG_5912.jpg,20091230_photo_session_kids,2009
IMG_5915.jpg,20091230_photo_session_kids,2009
IMG_1444.JPG,20100100_QEP,2010
IMG_1628.JPG,20100513_ascension_normandie,2010
IMG_1629.JPG,20100513_ascension_normandie,2010
IMG_1634.JPG,20100513_ascension_normandie,2010
IMG_1640.JPG,20100513_ascension_normandie,2010
IMG_1655.JPG,20100513_ascension_normandie,2010
IMG_6294.JPG,20100513_ascension_normandie,2010
IMG_6295.JPG,20100513_ascension_normandie,2010
IMG_6299.JPG,20100513_ascension_normandie,2010
IMG_6304.JPG,20100513_ascension_normandie,2010
IMG_6306.JPG,20100513_ascension_normandie,2010
IMG_6310.JPG,20100513_ascension_normandie,2010
IMG_6312.JPG,20100513_ascension_normandie,2010
IMG_6317.JPG,20100513_ascension_normandie,2010
IMG_6320.JPG,20100513_ascension_normandie,2010
IMG_6323.JPG,20100513_ascension_normandie,2010
IMG_6339.JPG,20100513_ascension_normandie,2010
IMG_6350.JPG,20100513_ascension_normandie,2010
IMG_6361.JPG,20100513_ascension_normandie,2010
IMG_6382.JPG,20100513_ascension_normandie,2010
IMG_6390.JPG,20100513_ascension_normandie,2010
IMG_6423.JPG,20100513_ascension_normandie,2010
IMG_6468.JPG,20100522_mariage_marc_aurelie,2010
IMG_6473.JPG,20100523_bbq_chatenay,2010
IMG_6474.JPG,20100523_bbq_chatenay,2010
IMG_6479.JPG,20100523_bbq_chatenay,2010
IMG_6481.JPG,20100523_bbq_chatenay,2010
IMG_6486.JPG,20100523_bbq_chatenay,2010
IMG_6489.JPG,20100523_bbq_chatenay,2010
IMG_6496.JPG,20100523_bbq_chatenay,2010
IMG_6497.JPG,20100523_bbq_chatenay,2010
IMG_6499.JPG,20100523_bbq_chatenay,2010
IMG_6509.JPG,20100523_bbq_chatenay,2010
IMG_6512.JPG,20100523_bbq_chatenay,2010
IMG_6515.JPG,20100523_bbq_chatenay,2010
IMG_6550.JPG,20100524_piquenique_cats,2010
IMG_6581.JPG,20100524_piquenique_cats,2010
IMG_6586.JPG,20100524_piquenique_cats,2010
IMG_6925.JPG,20100700_QEP,2010
IMG_6939.JPG,20100700_QEP,2010
IMG_6942.JPG,20100700_QEP,2010
IMG_6950.JPG,20100700_QEP,2010
IMG_6918.JPG,20100703_bapteme_pauline,2010
IMG_7446.JPG,20100731_vacances_ronquerolles,2010
IMG_7513.JPG,20100821_weekend_annecy,2010
IMG_7514.JPG,20100821_weekend_annecy,2010
IMG_7517.JPG,20100821_weekend_annecy,2010
IMG_7520.JPG,20100821_weekend_annecy,2010
IMG_7535.JPG,20100821_weekend_annecy,2010
IMG_7541.JPG,20100821_weekend_annecy,2010
IMG_7545.JPG,20100821_weekend_annecy,2010
IMG_7552.JPG,20100821_weekend_annecy,2010
IMG_7561.JPG,20100821_weekend_annecy,2010
IMG_7564.JPG,20100821_weekend_annecy,2010
IMG_7590.JPG,20100821_weekend_annecy,2010
IMG_7593.JPG,20100821_weekend_annecy,2010
IMG_7600.JPG,20100821_weekend_annecy,2010
IMG_7611.JPG,20100821_weekend_annecy,2010
IMG_7647.JPG,20100900_QEP,2010
IMG_7663.JPG,20101000_QEP,2010
IMG_7673.JPG,20101000_QEP,2010
IMG_7699.JPG,20101000_QEP,2010
IMG_7858.JPG,20101000_QEP,2010
IMG_7861.JPG,20101000_QEP,2010
IMG_7732.JPG,20101010_anniversaire_petit_paul,2010
IMG_7749.JPG,20101010_anniversaire_petit_paul,2010
IMG_7755.JPG,20101010_anniversaire_petit_paul,2010
IMG_7771.JPG,20101010_anniversaire_petit_paul,2010
IMG_7793.JPG,20101010_anniversaire_petit_paul,2010
IMG_7796.JPG,20101010_anniversaire_petit_paul,2010
IMG_7867.JPG,20101017_WE_Chatenay,2010
IMG_8013.JPG,20101111_chateau_loire,2010
IMG_8176.JPG,20101121_anniv_steph_etienne,2010
IMG_8181.JPG,20101121_anniv_steph_etienne,2010
IMG_8188.JPG,20101121_anniv_steph_etienne,2010
IMG_8192.JPG,20101121_anniv_steph_etienne,2010
IMG_8220.JPG,20101121_anniv_steph_etienne,2010
IMG_8238.JPG,20101121_anniv_steph_etienne,2010
IMG_8242.JPG,20101121_anniv_steph_etienne,2010
IMG_8252.JPG,20101121_anniv_steph_etienne,2010
IMG_8258.JPG,20101121_anniv_steph_etienne,2010
IMG_0159.JPG,20110200_QEP,2011
IMG_0418.JPG,20110212_vacances_ski,2011
IMG_0568.JPG,20110320_compet_trampoline_clamart,2011
IMG_0570.JPG,20110320_compet_trampoline_clamart,2011
IMG_0601.JPG,20110320_compet_trampoline_clamart,2011
IMG_0603.JPG,20110320_compet_trampoline_clamart,2011
IMG_0608.JPG,20110320_compet_trampoline_clamart,2011
IMG_0840.JPG,20110325_afrique_sud,2011
IMG_1718.JPG,20110325_afrique_sud,2011
IMG_2671.JPG,20110400_QEP,2011
IMG_2056.JPG,20110521_we_bibi,2011
IMG_2508.JPG,20110601_we_ascension,2011
IMG_2517.JPG,20110601_we_ascension,2011
042.JPG,20110702_anniv_40_mariage_bourdat_christian,2011
IMG_3594.JPG,20110730_Sainte_Max,2011
DSC_7103.JPG,20110730_Sainte_Max_Paul,2011
DSC_7106.JPG,20110730_Sainte_Max_Paul,2011
DSC_7115.JPG,20110730_Sainte_Max_Paul,2011
DSC_7120.JPG,20110730_Sainte_Max_Paul,2011
DSC_7126.JPG,20110730_Sainte_Max_Paul,2011
DSC_7133.JPG,20110730_Sainte_Max_Paul,2011
DSC_7140.JPG,20110730_Sainte_Max_Paul,2011
DSC_7152.JPG,20110730_Sainte_Max_Paul,2011
DSC_7154.JPG,20110730_Sainte_Max_Paul,2011
DSC_7178.JPG,20110730_Sainte_Max_Paul,2011
IMG_3860.JPG,20110807_vacances_carcassonne,2011
IMG_3892.JPG,20110811_dejeuner_coquelin,2011
IMG_3899.JPG,20110811_dejeuner_coquelin,2011
IMG_4130.JPG,20111000_QEP,2011
IMG_4148.JPG,20111000_QEP,2011
IMG_4090.JPG,20111009_anniversaire_paul,2011
IMG_4391.JPG,20111105_anniv_toune,2011
IMG_4842.JPG,20111204__compet_trampo_78,2011
IMG_5369.JPG,20111223_noel_lacolle,2011
IMG_5386.JPG,20111223_noel_lacolle,2011
IMG_5405.JPG,20111223_noel_lacolle,2011
IMG_7280.JPG,20120401_mariage_carine_seb,2012
IMG_7458.JPG,20120528_velo_bois_boulogne,2012
IMG_7469.JPG,20120528_velo_bois_boulogne,2012
IMG_7615.JPG,20120609_anniv_quentin_potes,2012
IMG_7826.JPG,20120707_la_colle_take1,2012
IMG_7853.JPG,20120707_la_colle_take1,2012
C208876.jpg,20120722_hammamet,2012
C215358.jpg,20120722_hammamet,2012
C215407.jpg,20120722_hammamet,2012
C216768.jpg,20120722_hammamet,2012
C217087.jpg,20120722_hammamet,2012
C220012.jpg,20120722_hammamet,2012
C220035.jpg,20120722_hammamet,2012
C220107.jpg,20120722_hammamet,2012
IMG_9484.JPG,20121021_bapteme_alice,2012
IMG_9497.JPG,20121021_bapteme_alice,2012
IMG_9567.JPG,20121027_toussaint_beaumesnil,2012
IMG_9712.JPG,20121209_anniv_pauline_dom,2012
IMG_9750.JPG,20121209_anniv_pauline_dom,2012
IMG_9974.JPG,20121216_compet_trampo_93,2012
IMG_9994.JPG,20121216_compet_trampo_93,2012
IMG_0300.JPG,20121230_jardin_des_plantes,2012
IMG_0521.JPG,20130210_trampo_coupe_92,2013
IMG_0714.JPG,20130224_compet_trampo_fed_idf,2013
IMG_0735.JPG,20130224_compet_trampo_fed_idf,2013
IMG_0783.JPG,20130224_compet_trampo_fed_idf,2013
IMG_2729.JPG,20130602_communion_francois,2013
IMG_2762.JPG,20130608_Spectacle_Etienne,2013
IMG_3196.JPG,20130706_piknik_bois_boulogne,2013
IMG_3403.JPG,20130729_Irlande,2013
IMG_3608.JPG,20130729_Irlande,2013
IMG_3766.JPG,20130729_Irlande,2013
IMG_3993.JPG,20130729_Irlande,2013
IMG_4019.JPG,20130729_Irlande,2013
IMG_4026.JPG,20130729_Irlande,2013
IMG_4030.JPG,20130729_Irlande,2013
IMG_4033.JPG,20130729_Irlande,2013
IMG_4062.JPG,20130729_Irlande,2013
IMG_4068.JPG,20130729_Irlande,2013
2013-08-10 17.38.36.jpg,20130810_Bayreuth,2013
IMG_4342.JPG,20130928_we_bibi_chartres,2013
IMG_4351.JPG,20130928_we_bibi_chartres,2013
2013-10-25 21.16.31.jpg,20131000_QEP,2013
DSC01036.JPG,20131026_toussaint_lacolle,2013
2013-11-09 11.49.51.jpg,20131100_QEP,2013
IMG_4454_new.jpg,20131101_anniv_etienne_beaumesnil,2013
IMG_4515.JPG,20131101_anniv_etienne_beaumesnil,2013
IMG_5747.JPG,20131207_anniv_pauline_copines,2013
IMG_5761.JPG,20131207_anniv_pauline_copines,2013
IMG_5730.JPG,20131207_rugby_etienne,2013
IMG_5947_v2.jpg,20131224_reveillon_noel,2013
IMG_7531.JPG,20140323_demi_finale_trampo,2014
IMG_7982.JPG,20140413_anniv_laure_jacques,2014
IMG_7987.JPG,20140413_anniv_laure_jacques,2014
IMG_8536.JPG,20140607_finale_CDF_lyon,2014
IMG_8585.JPG,20140607_finale_CDF_lyon,2014
IMG_8608.JPG,20140607_finale_CDF_lyon,2014
IMG_8662.JPG,20140607_finale_CDF_lyon,2014
2014-06-22 08.59.22.jpg,20140622_communion_quentin,2014
IMG_4311.JPG,20140802_cambo_alexm2,2014
IMG_9357.JPG,20140802_cambo_alexm2,2014
IMG_9407.JPG,20140802_cambo_alexm2,2014
IMG_9434.JPG,20140802_cambo_alexm2,2014
IMG_9530.JPG,20140802_cambo_alexm2,2014
IMG_9536.JPG,20140802_cambo_alexm2,2014
20140806_200800.jpg,20140802_cambo_lilietel2,2014
20140806_201105.jpg,20140802_cambo_lilietel2,2014
DSC_3636.JPG,20140802_cambo_pault2,2014
DSC_3695.JPG,20140802_cambo_pault2,2014
DSC_3727.JPG,20140802_cambo_pault2,2014
DSC_3733.JPG,20140802_cambo_pault2,2014
DSC_3890.JPG,20140802_cambo_pault2,2014
DSC_3894.JPG,20140802_cambo_pault2,2014
IMG_0085_ps.jpg,20141031_vacances Toussaint Beaumesnil,2014
IMG_0104_ps.jpg,20141031_vacances Toussaint Beaumesnil,2014
IMG_0216_ps.jpg,20141107_Mont Saint Michel,2014
IMG_0601.JPG,20141213_anniv_pauline_copines,2014
IMG_0782.JPG,20141214_gouter_anniv_pauline_eric_lorraine,2014
IMG_0783.JPG,20141214_gouter_anniv_pauline_eric_lorraine,2014
IMG_0785.JPG,20141214_gouter_anniv_pauline_eric_lorraine,2014
IMG_0797.JPG,20141214_gouter_anniv_pauline_eric_lorraine,2014
IMG_0826.JPG,20141214_gouter_anniv_pauline_eric_lorraine,2014
IMG_0830.JPG,20141214_gouter_anniv_pauline_eric_lorraine,2014
IMG_2578.JPG,20150214_vacances_ski,2015
IMG_3324.JPG,20150328_WE_loire,2015
IMG_3329.JPG,20150328_WE_loire,2015
IMG_3333.JPG,20150328_WE_loire,2015
IMG_3450.JPG,20150523_WE_pentecote_beaumesnil,2015
IMG_3456.JPG,20150523_WE_pentecote_beaumesnil,2015
